cfg,phase,xi,scale,sigma,resp_rms,err
1,node,0.0,1.0,2e-06,5.32380907226873e-08,3.5659599345559314e-06
1,node,0.0,4.0,8e-06,2.129523628907492e-07,1.4263983931703748e-05
1,node,1.0,1.0,2e-06,7.322339328141634e-08,3.310000107573961e-06
1,node,1.0,4.0,8e-06,2.9289357312566535e-07,1.3240913243859811e-05
1,node,2.0,1.0,2e-06,1.071019158001346e-07,2.5554108862756516e-06
1,node,2.0,4.0,8e-06,4.284076632005384e-07,1.0208771985507164e-05
1,node,5.0,1.0,2e-06,1.7303525587537323e-07,1.035177836794555e-06
1,node,5.0,4.0,8e-06,6.921410235014929e-07,4.130933862699011e-06
1,node,10.0,1.0,2e-06,2.343583744985692e-07,5.221109040966065e-07
1,node,10.0,4.0,8e-06,9.374334979942768e-07,2.084902867832659e-06
1,node,20.0,1.0,2e-06,2.1745871495499189e-07,4.6057331894008864e-07
1,node,20.0,4.0,8e-06,8.698348598199675e-07,1.8361573744409584e-06
1,node,50.0,1.0,2e-06,3.4090751530372493e-07,3.518390798889362e-07
1,node,50.0,4.0,8e-06,1.3636300612148997e-06,1.4009222537399982e-06
1,node,,1.0,2e-06,3.682052903493323e-07,1.7616730900868047e-07
1,node,,4.0,8e-06,1.4728211613973293e-06,7.104014326097659e-07
29,node,0.0,1.0,2e-06,1.480863974846984e-07,4.901558959774872e-06
29,node,0.0,4.0,8e-06,5.923455899387936e-07,1.9607261814856152e-05
29,node,1.0,1.0,2e-06,1.4993961117410997e-07,5.929874732017738e-06
29,node,1.0,4.0,8e-06,5.997584446964399e-07,2.372303996307738e-05
29,node,2.0,1.0,2e-06,2.1358644803736906e-07,2.034490992062515e-06
29,node,2.0,4.0,8e-06,8.543457921494762e-07,8.139597555148725e-06
29,node,5.0,1.0,2e-06,3.911935133393626e-07,3.5974610054719072e-06
29,node,5.0,4.0,8e-06,1.5647740533574505e-06,1.4392528936618562e-05
29,node,10.0,1.0,2e-06,4.787463393014739e-07,2.16331875729079e-06
29,node,10.0,4.0,8e-06,1.9149853572058955e-06,8.656557086219418e-06
29,node,20.0,1.0,2e-06,6.394016130900689e-07,8.628764771348969e-07
29,node,20.0,4.0,8e-06,2.5576064523602757e-06,3.4513905833662036e-06
29,node,50.0,1.0,2e-06,7.692976716627045e-07,5.643666810682127e-07
29,node,50.0,4.0,8e-06,3.077190686650818e-06,2.2695297850662286e-06
29,node,,1.0,2e-06,9.745148143133604e-07,7.894599912301836e-07
29,node,,4.0,8e-06,3.8980592572534415e-06,3.1402263431406168e-06
57,node,0.0,1.0,2e-06,8.849299468702573e-09,3.0604884532185164e-06
57,node,0.0,4.0,8e-06,3.539719787481029e-08,1.2362886932102355e-05
57,node,1.0,1.0,2e-06,1.4259296902943943e-08,3.6715555092774914e-06
57,node,1.0,4.0,8e-06,5.703718761177577e-08,1.4685781055521137e-05
57,node,2.0,1.0,2e-06,1.707620588702258e-08,1.6349696356249046e-06
57,node,2.0,4.0,8e-06,6.830482354809032e-08,6.639328489752377e-06
57,node,5.0,1.0,2e-06,2.3404428580670407e-08,1.2219773929047287e-06
57,node,5.0,4.0,8e-06,9.361771432268163e-08,4.853806097522585e-06
57,node,10.0,1.0,2e-06,5.24959626662903e-08,6.240439522203924e-07
57,node,10.0,4.0,8e-06,2.099838506651612e-07,2.4828913729097087e-06
57,node,20.0,1.0,2e-06,3.9292526309109395e-08,3.7595091775675635e-07
57,node,20.0,4.0,8e-06,1.5717010523643758e-07,1.5142561440318948e-06
57,node,50.0,1.0,2e-06,5.710013062789603e-08,2.653817151991788e-07
57,node,50.0,4.0,8e-06,2.2840052251158413e-07,1.035493905521396e-06
57,node,,1.0,2e-06,6.893149231381672e-08,2.91482449578917e-07
57,node,,4.0,8e-06,2.7572596925526686e-07,1.1603212362983948e-06
85,node,0.0,1.0,2e-06,7.378927744486033e-08,9.072391412020402e-06
85,node,0.0,4.0,8e-06,2.951571097794413e-07,3.628151958394761e-05
85,node,1.0,1.0,2e-06,1.5424141207784833e-07,3.6494042579027146e-06
85,node,1.0,4.0,8e-06,6.169656483113933e-07,1.4607767941294906e-05
85,node,2.0,1.0,2e-06,1.426277807004359e-07,8.536544759423883e-06
85,node,2.0,4.0,8e-06,5.705111228017436e-07,3.417329763413941e-05
85,node,5.0,1.0,2e-06,1.7663119817868252e-07,5.237876993488227e-06
85,node,5.0,4.0,8e-06,7.065247927147301e-07,2.0968976502337727e-05
85,node,10.0,1.0,2e-06,3.125461294253418e-07,1.3808606256432902e-06
85,node,10.0,4.0,8e-06,1.2501845177013672e-06,5.528509999125254e-06
85,node,20.0,1.0,2e-06,5.113697137507426e-07,1.1791604216669745e-06
85,node,20.0,4.0,8e-06,2.0454788550029703e-06,4.728663401517016e-06
85,node,50.0,1.0,2e-06,6.600083811812288e-07,7.919643524129961e-07
85,node,50.0,4.0,8e-06,2.640033524724915e-06,3.2508922117086306e-06
85,node,,1.0,2e-06,5.767207282534258e-07,9.523614551738201e-07
85,node,,4.0,8e-06,2.3068829130137034e-06,3.7646200467212803e-06
112,node,0.0,1.0,2e-06,1.1300717972791145e-07,3.6369192780322505e-06
112,node,0.0,4.0,8e-06,4.520287189116458e-07,1.4552760929146376e-05
112,node,1.0,1.0,2e-06,1.4387744514427159e-07,4.637368192285232e-06
112,node,1.0,4.0,8e-06,5.755097805770863e-07,1.8541765035600117e-05
112,node,2.0,1.0,2e-06,1.5598779524051575e-07,4.514114366542805e-06
112,node,2.0,4.0,8e-06,6.23951180962063e-07,1.8052479000980755e-05
112,node,5.0,1.0,2e-06,2.87047250508785e-07,9.701121726107528e-07
112,node,5.0,4.0,8e-06,1.14818900203514e-06,3.8725617357255945e-06
112,node,10.0,1.0,2e-06,3.36136911814835e-07,1.181575480249409e-06
112,node,10.0,4.0,8e-06,1.34454764725934e-06,4.723720077249567e-06
112,node,20.0,1.0,2e-06,4.7465613394453564e-07,5.443288446232592e-07
112,node,20.0,4.0,8e-06,1.8986245357781426e-06,2.175934695865016e-06
112,node,50.0,1.0,2e-06,5.65383400323097e-07,3.7139552538534316e-07
112,node,50.0,4.0,8e-06,2.261533601292388e-06,1.4818271191058331e-06
112,node,,1.0,2e-06,5.610145586569083e-07,3.9551316281024134e-07
112,node,,4.0,8e-06,2.2440582346276334e-06,1.594397743023234e-06
139,node,0.0,1.0,2e-06,8.573507279024961e-08,7.868104078184517e-06
139,node,0.0,4.0,8e-06,3.4294029116099843e-07,3.148145257156983e-05
139,node,1.0,1.0,2e-06,1.022305948871366e-07,4.915567652888849e-06
139,node,1.0,4.0,8e-06,4.089223795485464e-07,1.966628719869571e-05
139,node,2.0,1.0,2e-06,1.348009328994106e-07,5.23180145253897e-06
139,node,2.0,4.0,8e-06,5.392037315976424e-07,2.0919178054817768e-05
139,node,5.0,1.0,2e-06,2.7762682607083615e-07,2.2771075305339918e-06
139,node,5.0,4.0,8e-06,1.1105073042833446e-06,9.108824561823541e-06
139,node,10.0,1.0,2e-06,3.4760987752752805e-07,1.2850204575256066e-06
139,node,10.0,4.0,8e-06,1.3904395101101122e-06,5.129932415373674e-06
139,node,20.0,1.0,2e-06,4.020939859534288e-07,1.1337150435991878e-06
139,node,20.0,4.0,8e-06,1.6083759438137151e-06,4.531848165700446e-06
139,node,50.0,1.0,2e-06,6.391356705799566e-07,4.993931313510435e-07
139,node,50.0,4.0,8e-06,2.5565426823198265e-06,1.9826972385956493e-06
139,node,,1.0,2e-06,5.568494527673063e-07,6.577050819389325e-07
139,node,,4.0,8e-06,2.2273978110692253e-06,2.6751046060376587e-06
169,node,0.0,1.0,2e-06,1.094973277230668e-07,6.331094085330335e-06
169,node,0.0,4.0,8e-06,4.379893108922672e-07,2.5328303597425573e-05
169,node,1.0,1.0,2e-06,1.0554373388737394e-07,4.1149129852742305e-06
169,node,1.0,4.0,8e-06,4.2217493554949577e-07,1.6451715029980255e-05
169,node,2.0,1.0,2e-06,1.8854720084591948e-07,1.989511942274717e-06
169,node,2.0,4.0,8e-06,7.541888033836779e-07,7.953789830514803e-06
169,node,5.0,1.0,2e-06,1.9854281418122833e-07,2.062999036150031e-06
169,node,5.0,4.0,8e-06,7.941712567249133e-07,8.250786584842166e-06
169,node,10.0,1.0,2e-06,2.2747005009413967e-07,1.5149205128927774e-06
169,node,10.0,4.0,8e-06,9.098802003765587e-07,6.055849814768753e-06
169,node,20.0,1.0,2e-06,2.858385947393486e-07,7.311720616045919e-07
169,node,20.0,4.0,8e-06,1.1433543789573944e-06,2.927397966831272e-06
169,node,50.0,1.0,2e-06,3.507764973757846e-07,5.570723273396567e-07
169,node,50.0,4.0,8e-06,1.4031059895031384e-06,2.221618427294852e-06
169,node,,1.0,2e-06,7.129737994324661e-07,4.3063596356341494e-07
169,node,,4.0,8e-06,2.8518951977298646e-06,1.837515125797308e-06
200,node,0.0,1.0,2e-06,4.528294567827751e-08,5.0910492452880605e-06
200,node,0.0,4.0,8e-06,1.8113178271311004e-07,2.0359172595246407e-05
200,node,1.0,1.0,2e-06,1.0531253648224423e-07,2.6751795004013606e-06
200,node,1.0,4.0,8e-06,4.212501459289769e-07,1.0701963983848972e-05
200,node,2.0,1.0,2e-06,1.249617888504526e-07,2.676149437578737e-06
200,node,2.0,4.0,8e-06,4.998471554018104e-07,1.0704109519329542e-05
200,node,5.0,1.0,2e-06,1.2975574706594193e-07,1.8896884242664876e-06
200,node,5.0,4.0,8e-06,5.190229882637677e-07,7.568989062054946e-06
200,node,10.0,1.0,2e-06,1.4099482198933767e-07,7.456831270310718e-07
200,node,10.0,4.0,8e-06,5.639792879573507e-07,2.9955102515842363e-06
200,node,20.0,1.0,2e-06,2.5781947626024126e-07,5.674916366958793e-07
200,node,20.0,4.0,8e-06,1.031277905040965e-06,2.271894186461952e-06
200,node,50.0,1.0,2e-06,2.901269301121261e-07,5.067478300811087e-07
200,node,50.0,4.0,8e-06,1.1605077204485044e-06,2.0091577723280524e-06
200,node,,1.0,2e-06,3.5697795484488545e-07,5.499374551572953e-07
200,node,,4.0,8e-06,1.4279118193795418e-06,2.180121196014302e-06
1,anti,0.0,1.0,2e-06,2.6957492683820715e-08,1.5253973124423515e-05
1,anti,0.0,4.0,8e-06,1.0782997073528286e-07,6.103326152441288e-05
1,anti,1.0,1.0,2e-06,1.4463321226668318e-08,3.702510390494606e-05
1,anti,1.0,4.0,8e-06,5.785328490667327e-08,0.00014812506376896595
1,anti,2.0,1.0,2e-06,1.3855136260988923e-08,0.00017275287337348974
1,anti,2.0,4.0,8e-06,5.542054504395569e-08,0.0006910304233896359
1,anti,5.0,1.0,2e-06,7.645521717879733e-09,0.00042731417629688696
1,anti,5.0,4.0,8e-06,3.058208687151893e-08,0.0017092447976869134
1,anti,10.0,1.0,2e-06,5.588346052021096e-09,0.0007059535303276062
1,anti,10.0,4.0,8e-06,2.2353384208084385e-08,0.0028237104810191816
1,anti,20.0,1.0,2e-06,4.9375644107561896e-09,0.0011931389120148955
1,anti,20.0,4.0,8e-06,1.9750257643024758e-08,0.0047727530254728645
1,anti,50.0,1.0,2e-06,2.58555838239526e-09,0.005061425369283319
1,anti,50.0,4.0,8e-06,1.034223352958104e-08,0.020245383487474237
1,anti,,1.0,2e-06,2.5051824523125165e-11,0.7834840882483008
1,anti,,4.0,8e-06,1.0020729809250066e-10,3.133934745853253
29,anti,0.0,1.0,2e-06,6.540044734145355e-08,2.5884418065483038e-05
29,anti,0.0,4.0,8e-06,2.616017893658142e-07,0.00010352245092175583
29,anti,1.0,1.0,2e-06,6.853978142569793e-08,2.8128519932401914e-05
29,anti,1.0,4.0,8e-06,2.741591257027917e-07,0.00011249911134853862
29,anti,2.0,1.0,2e-06,4.3249547202879774e-08,0.0001297608306987489
29,anti,2.0,4.0,8e-06,1.729981888115191e-07,0.0005190536593005751
29,anti,5.0,1.0,2e-06,3.0469264846634416e-08,0.0002551949286638372
29,anti,5.0,4.0,8e-06,1.2187705938653766e-07,0.0010208053983588954
29,anti,10.0,1.0,2e-06,2.4410240762414877e-08,0.0007626247323598736
29,anti,10.0,4.0,8e-06,9.764096304965951e-08,0.00305048308879442
29,anti,20.0,1.0,2e-06,1.7797031676699208e-08,0.0019092249652421579
29,anti,20.0,4.0,8e-06,7.118812670679683e-08,0.0076368968765278405
29,anti,50.0,1.0,2e-06,9.020770190708141e-09,0.0067221403994957105
29,anti,50.0,4.0,8e-06,3.6083080762832564e-08,0.0268885807066674
29,anti,,1.0,2e-06,1.3585973117814044e-11,4.430851838417911
29,anti,,4.0,8e-06,5.4343892471256176e-11,17.723402070426665
56,anti,0.0,1.0,2e-06,2.2955999824571966e-08,1.1535670148266761e-05
56,anti,0.0,4.0,8e-06,9.182399929828787e-08,4.61799370764994e-05
56,anti,1.0,1.0,2e-06,1.5141859212698568e-08,2.917226110862212e-05
56,anti,1.0,4.0,8e-06,6.056743685079427e-08,0.00011669647378644291
56,anti,2.0,1.0,2e-06,8.507117783623782e-09,0.0001605796680066992
56,anti,2.0,4.0,8e-06,3.402847113449513e-08,0.0006424037181328246
56,anti,5.0,1.0,2e-06,4.78128951580233e-09,0.00021158148645426854
56,anti,5.0,4.0,8e-06,1.912515806320932e-08,0.0008465328025683389
56,anti,10.0,1.0,2e-06,4.422148734429801e-09,0.0010817623435565036
56,anti,10.0,4.0,8e-06,1.7688594937719203e-08,0.00432728966320853
56,anti,20.0,1.0,2e-06,2.937987407322295e-09,0.0025807413947216474
56,anti,20.0,4.0,8e-06,1.175194962928918e-08,0.010323093188960492
56,anti,50.0,1.0,2e-06,2.5514622770131476e-09,0.0031739835568341877
56,anti,50.0,4.0,8e-06,1.020584910805259e-08,0.012696306421097788
56,anti,,1.0,2e-06,3.554259088162663e-11,0.4979387409495498
56,anti,,4.0,8e-06,1.4217036352650653e-10,1.9917847085465425
86,anti,0.0,1.0,2e-06,2.2900346860526398e-08,2.9802490071178266e-05
86,anti,0.0,4.0,8e-06,9.160138744210559e-08,0.00011921089018474705
86,anti,1.0,1.0,2e-06,2.8392769569769263e-08,4.4669670960462167e-05
86,anti,1.0,4.0,8e-06,1.1357107827907705e-07,0.00017871362546841992
86,anti,2.0,1.0,2e-06,1.2443437363148293e-08,8.003845913767343e-05
86,anti,2.0,4.0,8e-06,4.977374945259317e-08,0.00032025761868725736
86,anti,5.0,1.0,2e-06,1.374211727084134e-08,0.00036780976692790744
86,anti,5.0,4.0,8e-06,5.496846908336536e-08,0.001471330541539366
86,anti,10.0,1.0,2e-06,8.925619607254845e-09,0.0011818250271271166
86,anti,10.0,4.0,8e-06,3.570247842901938e-08,0.004727384923376716
86,anti,20.0,1.0,2e-06,7.156491875606876e-09,0.0020327947056589303
86,anti,20.0,4.0,8e-06,2.8625967502427503e-08,0.008131229653509854
86,anti,50.0,1.0,2e-06,4.127215207906168e-09,0.009227630038782476
86,anti,50.0,4.0,8e-06,1.650886083162467e-08,0.036910650721404085
86,anti,,1.0,2e-06,4.468281224519228e-11,1.8674486716202905
86,anti,,4.0,8e-06,1.7873124898076911e-10,7.469800053109799
114,anti,0.0,1.0,2e-06,6.254191052525533e-08,1.7801305350352772e-05
114,anti,0.0,4.0,8e-06,2.501676421010213e-07,7.124216050365535e-05
114,anti,1.0,1.0,2e-06,5.0615877352810026e-08,1.7128513767482384e-05
114,anti,1.0,4.0,8e-06,2.024635094112401e-07,6.857822917439283e-05
114,anti,2.0,1.0,2e-06,2.2599894420579218e-08,6.627626861469234e-05
114,anti,2.0,4.0,8e-06,9.039957768231687e-08,0.00026517248816256456
114,anti,5.0,1.0,2e-06,1.9952828661148094e-08,0.00039411957922045877
114,anti,5.0,4.0,8e-06,7.981131464459238e-08,0.0015765680694968544
114,anti,10.0,1.0,2e-06,1.780540954930837e-08,0.0003405647351043389
114,anti,10.0,4.0,8e-06,7.122163819723349e-08,0.0013624348847575097
114,anti,20.0,1.0,2e-06,1.1495003517062192e-08,0.002150100137043741
114,anti,20.0,4.0,8e-06,4.598001406824877e-08,0.008600624429003514
114,anti,50.0,1.0,2e-06,5.547978989564722e-09,0.006254747149650482
114,anti,50.0,4.0,8e-06,2.219191595825889e-08,0.025019294916173045
114,anti,,1.0,2e-06,1.0347043125023901e-11,2.2793297284857346
114,anti,,4.0,8e-06,4.1388172500095604e-11,9.117628953781297
142,anti,0.0,1.0,2e-06,9.464952774597515e-08,1.807997575883113e-05
142,anti,0.0,4.0,8e-06,3.785981109839006e-07,7.231584945236714e-05
142,anti,1.0,1.0,2e-06,5.382028134488104e-08,4.876412785671135e-05
142,anti,1.0,4.0,8e-06,2.1528112537952416e-07,0.0001950516661991389
142,anti,2.0,1.0,2e-06,5.712563241583383e-08,0.000155563527885645
142,anti,2.0,4.0,8e-06,2.2850252966333533e-07,0.000622242429448685
142,anti,5.0,1.0,2e-06,3.1952391428831416e-08,0.00024507461725869833
142,anti,5.0,4.0,8e-06,1.2780956571532566e-07,0.0009802825829617555
142,anti,10.0,1.0,2e-06,2.151131655708274e-08,0.0017598614395602243
142,anti,10.0,4.0,8e-06,8.604526622833097e-08,0.007039407217280345
142,anti,20.0,1.0,2e-06,1.4401277687399308e-08,0.0037143725613511275
142,anti,20.0,4.0,8e-06,5.760511074959723e-08,0.014857478417095348
142,anti,50.0,1.0,2e-06,7.146800314498805e-09,0.0036450584530438425
142,anti,50.0,4.0,8e-06,2.858720125799522e-08,0.014580091136101338
142,anti,,1.0,2e-06,1.0440358767272948e-10,1.0709303620993842
142,anti,,4.0,8e-06,4.176143506909179e-10,4.283708762911342
170,anti,0.0,1.0,2e-06,4.2276446181487164e-09,2.3853127137205145e-05
170,anti,0.0,4.0,8e-06,1.6910578472594866e-08,9.53200758138349e-05
170,anti,1.0,1.0,2e-06,4.074563872961599e-09,5.3164842457596774e-05
170,anti,1.0,4.0,8e-06,1.6298255491846396e-08,0.00021262153513459023
170,anti,2.0,1.0,2e-06,3.267615184567272e-09,6.542071437697693e-05
170,anti,2.0,4.0,8e-06,1.3070460738269088e-08,0.00026186027877164096
170,anti,5.0,1.0,2e-06,2.5001025985667136e-09,0.000425154857764081
170,anti,5.0,4.0,8e-06,1.0000410394266855e-08,0.0017005102904962893
170,anti,10.0,1.0,2e-06,1.4388873492197106e-09,0.0007431681136439406
170,anti,10.0,4.0,8e-06,5.755549396878842e-09,0.0029727907128910998
170,anti,20.0,1.0,2e-06,1.028410746315047e-09,0.001114062669325345
170,anti,20.0,4.0,8e-06,4.113642985260188e-09,0.004456792467628783
170,anti,50.0,1.0,2e-06,5.725253625568984e-10,0.005135770988638298
170,anti,50.0,4.0,8e-06,2.2901014502275936e-09,0.02054468652736298
170,anti,,1.0,2e-06,8.11650888024641e-12,0.8201540257982275
170,anti,,4.0,8e-06,3.246603552098564e-11,3.280640128111376
200,anti,0.0,1.0,2e-06,3.5418976206745886e-08,1.2269007173154513e-05
200,anti,0.0,4.0,8e-06,1.4167590482698355e-07,4.9116107050055766e-05
200,anti,1.0,1.0,2e-06,2.477064285739455e-08,1.9570513619475202e-05
200,anti,1.0,4.0,8e-06,9.90825714295782e-08,7.83204834579778e-05
200,anti,2.0,1.0,2e-06,1.8017930966782823e-08,6.668438851904615e-05
200,anti,2.0,4.0,8e-06,7.207172386713129e-08,0.00026679557528777115
200,anti,5.0,1.0,2e-06,6.55870339333842e-09,0.00035706755483440886
200,anti,5.0,4.0,8e-06,2.623481357335368e-08,0.0014285086319288682
200,anti,10.0,1.0,2e-06,5.723237523603458e-09,0.0004828891062593083
200,anti,10.0,4.0,8e-06,2.2892950094413832e-08,0.0019317470986016175
200,anti,20.0,1.0,2e-06,4.2169756793424806e-09,0.001856040314829164
200,anti,20.0,4.0,8e-06,1.6867902717369922e-08,0.007424255207690223
200,anti,50.0,1.0,2e-06,3.528200451635e-09,0.001975335254810887
200,anti,50.0,4.0,8e-06,1.411280180654e-08,0.00790169493155145
200,anti,,1.0,2e-06,1.7686768022736164e-12,6.8776700289090495
200,anti,,4.0,8e-06,7.074707209094466e-12,27.511209763155044
